"","Number","Shannon","Simpson","Pielou"
"108781",178,1.11259454890933,0.572263087230519,0.214712663721089
"1214",247,1.07389111308413,0.343981671915707,0.19492020664882
"2904",266,0.318563219641315,0.0818958190870163,0.0570544336422826
"308806",269,3.54101548366115,0.913709600770632,0.632921922759339
"335206",163,3.15155400929833,0.846525681797953,0.618709965164601
"338608",185,0.427155598245623,0.118738124189957,0.0818249967164286
"339806",384,1.17321420694518,0.309722151414231,0.197157566863933
"342406",217,2.8869385493969,0.829642458337447,0.536615916565217
"343506",242,1.56036795596803,0.446518019056011,0.284275033497345
"343712",222,2.03721054300098,0.607326026424161,0.377074253931296
"344102",236,1.77837228881336,0.51026782464239,0.325480789356954
"344501",193,0.722822418328841,0.308847574813069,0.137348464831302
"345206",317,1.50273953679816,0.416590731304377,0.260942033013078
"347004",304,0.479468632411903,0.127450711007043,0.0838667673927778
"347512",165,0.32945987259368,0.0929401075337504,0.0645247534032117
"350408",432,3.23959621961175,0.840362630205218,0.533844598158635
"351906",249,1.67920496880593,0.485757752082959,0.30434423280385
"352007",227,0.208945426901374,0.0601335280143375,0.0385156409235231
"354204",215,2.83746336695305,0.796691949446413,0.528328915874127
"354610",170,1.42480482670354,0.447066303920179,0.277426157620366
"360604",293,2.70107449284245,0.726312430218095,0.475526833208307
"360702",226,2.94892517672253,0.859731198050567,0.544028435775883
"363203",195,0.5858176218836,0.163912230915271,0.111097604954696
"363311",297,0.555829450492416,0.184698482339009,0.0976212854666004
"364506",278,0.578231570220421,0.16377674093405,0.102748845122804
"380313",256,1.712131996903,0.547347377837759,0.308760542659909
"382109",242,0.322873388030689,0.0861504150239288,0.0588225635157209
"385604",422,2.03674075946008,0.705760702804761,0.336929523408512
"4008",158,2.99760817251239,0.843176621742036,0.592109017797558
"5192",275,0.660510680385499,0.221339835252477,0.11759615424953
"5298",179,2.24301957878949,0.74783984816317,0.432398834932222
"5324",269,0.800230140475587,0.209959833318132,0.143033319536948
"5392",387,1.04052059117923,0.353292741134722,0.174630148870798
"5800",233,3.28288814333329,0.883694765574743,0.602250043051127
"5801",257,0.736954167740537,0.189620240146353,0.132806643207966
"5802",230,1.89806394614705,0.616550329401165,0.349032045750522
"5803",250,0.589051949082897,0.15779772543235,0.106684074712415
"5804",470,1.24111471567433,0.340151658326529,0.201717639503924
"5805",275,2.90937936763686,0.781725683210655,0.517980761018646
"5806",262,3.8255607860969,0.944048960613824,0.687019415467731
"5807",278,3.88706040572923,0.950364594858189,0.690711106380803
"5808",341,1.86666635154865,0.55829640888835,0.320079555584278
"5809",259,0.531239012348632,0.135871208993263,0.0956011246794191
"5810",265,2.32560074949356,0.763707386050638,0.416794508340286
"5811",265,0.214429099170442,0.0539043731766938,0.0384300146884875
"5812",298,2.48580692239943,0.765053093910045,0.436328968146217
"5813",289,3.59075631911289,0.930538925483904,0.633689716068491
"5814",214,3.26639191876282,0.907939143659232,0.608722795185569
"5815",311,1.4677710190815,0.4027527949965,0.255718462588963
"5816",283,3.49906819058443,0.921164817832138,0.619803578711396
"5820",307,1.49189464533515,0.461066040804778,0.260508871737284
"5821",195,3.1465338916007,0.853244510939981,0.59672561255775
"5822",239,0.317946572590186,0.0987194860253402,0.0580569138414238
"5823",252,1.48386315181421,0.523487129603403,0.268357388860563
"5824",210,0.823212732836505,0.27965871911997,0.153954774260178
"5825",274,0.284727652367922,0.082517554242316,0.050725308058422
"5826",222,3.3427202154605,0.91604369321867,0.618715495890316
"5828",117,0.512699695590446,0.194121142129206,0.107660850403655
"5829",236,1.02176180586905,0.289695362220659,0.187004622823351
"5830",206,1.62893417505018,0.595615380594349,0.30573799454882
"5833",154,2.11757061808084,0.688310629357284,0.42040709635944
"5834",189,0.869425399323366,0.324307197426304,0.165865578179468
"5835",178,1.55620773541827,0.496113213244288,0.30032279818607
"5836",250,2.50530065888625,0.767115913305799,0.453738728962377
"5838",256,3.64339473565799,0.931757881591928,0.657038439641843
"5839",175,2.90089493081314,0.875515037867833,0.561667984977395
"5840",228,2.32377473290097,0.763051754094147,0.42800272661007
"5841",205,2.90644055414624,0.859418633492002,0.546014485326342
"5843",238,2.09004563585441,0.615263531877468,0.381933891886994
"5845",215,2.37475678818537,0.793610223829546,0.442174053761964
"5846",436,2.76164412883964,0.830083339186853,0.454393993305842
"5847",170,0.855320448467355,0.268369700189885,0.166540891148876
"5850",308,0.405738554904801,0.110825682160791,0.0708082878609572
"5851",271,1.44505008342829,0.429392965552224,0.257947060680404
"5852",234,0.540981519203109,0.203273893272939,0.0991658433598253
"5855",498,0.722940460388227,0.185809948251322,0.116404284839183
"5857",184,0.0833336136991468,0.020869301002411,0.0159797967937681
"5858",123,0.191256816817729,0.0537602133773722,0.0397442829895338
"5859",328,1.74446590197903,0.500791682313723,0.30113271259268
"5863",202,3.25670858600685,0.893829590388219,0.613516267764953
"5865",354,3.3021221619342,0.890883323414601,0.56260949323334
"5866",188,2.2731977472377,0.684410348965544,0.434111131828373
"5868",602,2.42819884458411,0.695207937895431,0.379390808156303
"5871",292,2.18667635458656,0.652055236037957,0.385198377585588
"5874",153,1.31823008523486,0.642911421072049,0.26205076095442
"5875",352,3.04157078547644,0.858350455464489,0.518717957250475
"5876",298,2.39110173730942,0.768165298405178,0.419705546867569
"5877",332,0.649269513550796,0.213238548525981,0.111843999670516
"5878",288,2.89698815507138,0.823484252691275,0.511567786007547
"5880",286,3.51025404091705,0.918186254179328,0.620625729019262
"5882",256,2.24765756520806,0.625356092277316,0.405335552867779
"5884",317,2.39894205853277,0.774301888697121,0.416562419837496
"5886",163,1.05071200232132,0.341845969349896,0.206274740790177
"5887",202,3.28795426090306,0.882479458538511,0.61940249594284
"5888",325,3.33314807322073,0.912344522106827,0.576287831693787
"5890",240,1.66478440497581,0.509724959903793,0.303757358997965
"5891",177,1.37855520325736,0.456557218042464,0.266328308584666
"5892",216,2.68842012035989,0.822619415016884,0.500145279269013
"5894",296,0.938232595660163,0.280691102396542,0.164881077055195
"5895",421,1.62087416790103,0.494095084202301,0.26823972472166
"5896",234,3.0338081285332,0.882034600813754,0.55611907427273
"5897",149,0.891043392534322,0.270383272428838,0.178068136237918
"5898",162,2.40122425078392,0.765269183576673,0.471976173533084
"5899",408,0.685049557664039,0.277801409674046,0.113960923344243
"5900",202,2.77797490249412,0.870501214150652,0.5233298433412
"5901",375,2.02599312477013,0.577457375208655,0.341828650449272
"5902",197,3.31748434805929,0.883557268865023,0.627930422219728
"5903",364,1.040520762154,0.38157460903354,0.17644456724528
"5904",209,0.424939026029882,0.146488342417963,0.0795418268472433
"5905",226,1.70360509288751,0.507288821045203,0.314287260042822
"5906",239,3.2504720517944,0.849246668936947,0.593534864419573
"5907",285,1.93005066659898,0.553895598479551,0.341451457056527
"5908",278,2.47019737875686,0.783681717412587,0.438941664489009
"5909",239,1.23569041059201,0.394827938003218,0.225636562514177
"5910",231,2.08361673520549,0.655772885784642,0.38284763243682
"5911",212,0.913855442108015,0.268709710092799,0.170604074171095
"5912",173,1.65757839666384,0.520714695913667,0.32165429925092
"5913",222,0.981775042386197,0.291265736746816,0.181720094129694
"5915",276,3.46337994782308,0.922691395535927,0.616215823492006
"5916",274,2.43234951502097,0.756065627543646,0.433332264811988
"5917",346,3.27009598093834,0.895281110749131,0.559331262458325
"5918",267,1.91767682419297,0.616358413410376,0.343223819349762
"5919",341,3.22764884835322,0.895900991047041,0.553448883945386
"5920",207,2.68371227147573,0.846756317887738,0.503254038983823
"5922",240,3.12748613259139,0.873585810124969,0.570642616004396
"5924",263,2.42908124543176,0.733171524998614,0.435932178364855
"5926",338,2.39368796222629,0.767331197053133,0.411071457307779
"5927",156,0.448219597659803,0.165850869907006,0.0887588867912951
"5929",220,2.05755909539247,0.784190373064278,0.381479640132728
"5931",255,1.80605154420825,0.708496626677812,0.325927747252926
"5933",265,2.78284051564792,0.821165847466796,0.498741086474748
"5934",278,2.49580049461112,0.720873494865996,0.443491209552015
"5935",250,2.19250389903038,0.701143981687251,0.397087642500104
"5936",376,3.24478283005396,0.882578848598767,0.547218829431231
"5937",214,2.39409510789682,0.789460706098223,0.446162096363205
"5938",214,1.26161877173245,0.389095339096038,0.235114500735859
"5939",316,2.39096870085487,0.777331744237834,0.415405800352001
"5940",292,2.45836397966446,0.736162540236283,0.43305805840693
"5941",208,1.88499614542173,0.619447188265433,0.353158350774186
"5943",260,2.8111891345505,0.838766691642211,0.505547578712415
"5944",391,3.70058618257267,0.940726142185918,0.619997904970526
"5945",250,2.36659933549355,0.681795686052576,0.428618325964685
"5946",378,3.65368882724316,0.919337726612344,0.615628300490996
"5948",211,1.98065965238531,0.619356259213601,0.370088220387646
"5950",186,2.9734927479051,0.864431708909494,0.569008207547164
"5951",203,2.12641065956436,0.700747265191046,0.400212351629524
"5953",473,1.90669389444325,0.611750222861142,0.309573691293342
"5954",288,3.08956087105032,0.902209873262532,0.545573447296272
"5955",355,1.21555699088327,0.361378726332518,0.207004871915531
"5956",277,1.62851526201696,0.608058159631158,0.289564401288817
"5959",186,2.47051646566903,0.814418261948169,0.472758558713981
"5960",254,3.46800553286217,0.922215475733996,0.626295138712918
"5962",331,2.06990930303365,0.673774824532586,0.356750615743709
"5963",239,3.32066316627442,0.903436386035842,0.606351733155102
"5964",313,3.58590447178226,0.92219541406606,0.624047628125238
"5965",228,0.785076242623684,0.22824693383491,0.144598685785799
"5969",217,1.16077683100014,0.403851651512545,0.215761891857704
"5970",233,2.32477843070025,0.745398155416629,0.426483586660361
"5971",295,2.53376574531283,0.797381744731928,0.445538372605782
"5972",170,1.9861945073472,0.723007129896457,0.386735291832826
"5973",301,2.85431566950418,0.798630144306829,0.500133261334452
"5974",327,2.70934560583856,0.823367055657878,0.467938556720451
"5976",262,1.10902662199802,0.507110606249699,0.199166308989851
"5977",359,3.0470008189657,0.844160347102383,0.517904785385835
"5981",296,2.63594098792815,0.775565662913276,0.463229258026068
"5983",277,2.46844196072078,0.794130509188945,0.438910788952042
"5985",202,2.18248050100944,0.788854656080482,0.411147407294083
"5986",125,2.03116910062821,0.752250638187198,0.420678773406111
"5987",282,3.15367772326601,0.862647032896806,0.55897370935279
"5988",356,2.17004664444713,0.655333717794047,0.369373996709645
"5989",190,2.36900116180553,0.732870091682336,0.451494243065305
"5990",503,2.89916106964936,0.834232642555443,0.466058844960506
"5991",238,2.65554757010149,0.816035508940508,0.485273431900587
"5993",196,0.258779620234644,0.0724393986177125,0.0490287985279143
"5994",341,3.34976278686345,0.907464582362083,0.574387909892136
"5995",495,2.39182646585878,0.68159474476691,0.385495075940523
"6000",248,2.94032953199823,0.886358227648789,0.533303261431184
"6001",209,0.880707797947335,0.243433616010632,0.164854491765173
"6002",256,3.66736766318994,0.93423452113779,0.661361642600084
"6004",299,3.68450989516727,0.927529279725993,0.646354945493422
"6005",254,2.8448550306188,0.87233617035629,0.513758948518482
"6006",234,3.72871139478755,0.936838191376595,0.683499892296086
"6007",282,1.01081043216713,0.295675972601118,0.179161127515532
"6008",259,2.86306222704405,0.768586649981617,0.515233186136838
"6009",287,2.7923550666044,0.816865322962927,0.493394088036657
"6011",225,2.65326489959292,0.791429663377896,0.489884733029138
"6013",425,0.910794609074616,0.241272197983706,0.150492595804976
"6014",277,1.35614597569327,0.531237923402588,0.24113473583631
"6016",213,1.51274612399782,0.516752442901382,0.282160732383375
"6017",394,3.02767480329797,0.883743416817046,0.506609275333474
"6019",286,3.06789737837271,0.883066347953744,0.542415456207672
"6020",192,0.879688398733701,0.292556529576788,0.167320812760775
"6022",223,0.368425880588841,0.0997769419709769,0.0681365224114849
"6024",170,0.536091876504877,0.167606891058153,0.1043833559817
"6025",432,2.1000552654254,0.746305410589547,0.346062621167124
"6027",308,2.51207600450925,0.782672591217085,0.438400045313981
"6029",494,0.572814136057122,0.18272727335751,0.0923516091878538
"6030",314,0.958882273814359,0.334749358080131,0.166779741124772
"6039",346,1.05633786182293,0.333319648836722,0.180680565121029
"6040",324,0.439190607042581,0.113939709933108,0.0759747610048365
"6041",185,0.111934572255942,0.0297090583561553,0.0214419430411647
"6044",214,0.239869610659966,0.0715102248992449,0.0447019535660353
"6045",242,0.272674971261099,0.0684507245055943,0.0496771843414634
"6046",207,3.28372026039354,0.919317591082733,0.615768501526934
"6048",189,2.66131580957681,0.847981615865851,0.507715424252792
"6049",194,0.973870901031962,0.359858489139946,0.184870372668714
"6050",248,2.66223394742478,0.851914494384273,0.482863580902642
"6051",242,1.58276426109016,0.472317941676678,0.288355295697333
"6052",190,1.98305162640909,0.730228051462735,0.377938351175233
"6053",193,2.66213328403874,0.862364280973997,0.505850275900946
"6055",207,0.191480860964157,0.0499438803557513,0.0359067988370165
"6056",237,0.183339081840572,0.04618570492663,0.0335290902273274
"6057",154,1.31719250370867,0.502883659455279,0.261505836500723
"6058",426,2.47360237108162,0.808555578492563,0.408560104348193
"6060",419,3.20946194145875,0.889908080559914,0.531555242572185
"6061",269,1.97954204048783,0.651217816378873,0.353823800045375
"6062",258,1.90221168845403,0.517247359136387,0.342558172693937
"6064",223,2.76043359664794,0.87151646986274,0.510513390977873
"6065",448,1.27644905996539,0.388037516896321,0.209089646671037
"6066",267,3.16176604672487,0.893039051536945,0.565889624756768
"6068",313,1.13221569415356,0.372957730956581,0.197037183790768
"6070",288,3.12091180175647,0.880038209421695,0.551109585296196
"6071",223,1.9142730723249,0.742704530881596,0.354024830952981
"6073",119,0.473915685624861,0.218406402013291,0.0991637245423659
"6078",323,1.78344413115266,0.484791419704461,0.30867972515139
"6081",201,0.876039718333698,0.34373477647583,0.165187507322545
"6082",176,1.06862237282896,0.338142271345481,0.20667743558523
"6084",157,0.350070710212224,0.0974310548591544,0.0692353029676548
"6086",297,0.364853782635939,0.106645533266481,0.0640798993948918
"6087",168,0.46615597512102,0.16997929133843,0.0909756541995264
"6089",167,0.250713282048643,0.0695252429563947,0.048986632504398
"6090",220,2.79169085219164,0.878898258301831,0.517590587818699
"6093",124,0.478179243486202,0.145737345347325,0.0992015169608004
"6096",255,3.19408965529204,0.9112998587938,0.576419011523611
"6101",244,2.18845542513387,0.789461274105814,0.398105958457756
"6103",350,2.50133777813227,0.78016067331916,0.427000054826134
"6107",281,0.716134801576747,0.216117069060732,0.127011308010067
"6110",199,2.25541514342506,0.776966511334662,0.42608827908233
"6114",344,3.38823115707054,0.898652677234314,0.580112829348662
"6115",223,0.587485398539428,0.163738724157934,0.108649294561025
"6117",293,2.85265757343114,0.859997331179673,0.50221318431462
"6119",236,0.592750621842012,0.191689900337849,0.108486249759153
"6125",266,2.01936519708535,0.629846146932925,0.361666791810949
"6127",217,0.77565765084142,0.225275093987217,0.14417703533525
"6128",208,2.25461664031948,0.823926788643612,0.422407598157248
"6129",304,0.286315165461489,0.0835876394949275,0.0500811226419393
"6131",177,0.497240230653169,0.216905208240736,0.0960637261947824
"6134",210,1.24239287925297,0.503713586140566,0.232348586991343
"6135",267,2.04910322325722,0.641704043023521,0.366746380649528
"6136",233,2.02986064587862,0.691058485573538,0.372380540546512
"6137",220,0.503378187169025,0.143595705674938,0.0933283180647972
"6140",194,1.65667694995878,0.556189432245139,0.314487767121914
"6141",222,0.748428932178768,0.226919132279201,0.138529266006145
"6143",290,1.42684683303076,0.444598232134701,0.251653756474431
"6144",303,0.824420612754643,0.319502127050093,0.144287568358063
"6146",216,2.61857341369672,0.880180012543289,0.487151216196238
"6147",262,2.02603226418426,0.627788854646556,0.363848225054285
"6148",241,1.9429667016628,0.594015944080739,0.35424587732663
"6149",208,2.19638517025476,0.723104143052062,0.411497798696298
"6150",181,3.3567626560689,0.926222730129296,0.645717913443058
"6158",440,3.10957448058482,0.894057656514106,0.510873922577753
"6162",241,2.46020159718818,0.831090752563147,0.448549258435799
"6166",295,3.47930790273653,0.904703084713057,0.611802880217831
"6167",213,2.97542128626722,0.889660138023413,0.554982118918622
"6168",307,3.01284315185811,0.789757640298138,0.526091016323502
"6170",215,3.39534278302585,0.933087955202589,0.632204733449435
"6175",185,1.69114046051989,0.658969629738771,0.323951185931759
"6179",126,0.922308121881524,0.340765245866285,0.190706029885445
"6182",427,3.49301234091981,0.926978710655114,0.576710731848902
"6184",243,3.37405015436823,0.90810373888143,0.61423856062246
"6185",281,2.16507471205086,0.756551922165724,0.38399051479085
"6186",217,3.58110564332148,0.942703169307853,0.665645719237521
"6187",267,2.72104044119334,0.725226885308554,0.487009010616047
"6188",505,3.91679103676188,0.952457989303793,0.629248015142795
"6191",303,3.84736122668502,0.934883859519405,0.67335336769253
"6192",294,0.244003070829792,0.0625015393732575,0.0429312301081763
"6193",238,0.351302679206779,0.0942835041068379,0.0641968755122053
"6197",294,3.59358157945275,0.935684179703483,0.632274328250598
"6203",370,2.52617390789553,0.69249306121646,0.427187388843285
"6204",260,0.654121500997634,0.213296007023351,0.117633330660251
"6206",305,2.03992741089992,0.734457044065371,0.356611228647007
"6207",507,4.21516445877386,0.968526340245509,0.676753152774959
"6210",211,0.166091331688109,0.0447855514809614,0.0310343300486987
"6211",359,3.48537246096839,0.917933806010248,0.592415684679818
"6219",438,1.07675943708125,0.289514021290669,0.177033982654631
"6220",234,2.55930714603077,0.827565442001148,0.469139596352241
"6222",271,1.56247951381071,0.559805685366327,0.278908670767064
"6225",200,3.03698347778883,0.905018588355257,0.573197728200167
"6226",287,2.07076335254452,0.748008042162627,0.365892721913356
"6227",129,0.710208600468688,0.228247492573836,0.146139097844863
"6228",188,2.17196334244395,0.802040740739174,0.414778461761114
"6229",232,1.23781334764654,0.338428481298876,0.227257762433266
"6230",229,0.702978800627857,0.195916682757967,0.129373346698273
"6231",318,3.47932900743011,0.928931463896304,0.603835123343058
"6232",169,0.150076961238012,0.0373259128314648,0.029255345880696
"6233",192,2.31762303772789,0.828104689258705,0.440822649137968
"6235",191,2.14429025972295,0.808122420052731,0.408259449759917
"6239",322,0.816142490266642,0.254482727559855,0.141334350179343
"6240",306,1.4206248502103,0.485785093887013,0.248205421061304
"6241",341,2.91105460204255,0.790194373108482,0.499162082463382
"6245",258,2.30793386960279,0.839511853494912,0.415622306322866
"6247",253,3.28275046584157,0.897995241293091,0.593262135717918
"6249",231,0.617106193524901,0.20686934300702,0.113388245141834
"6251",432,3.92050696893526,0.942381648071523,0.646050101780954
"6253",217,1.7060107488525,0.613549561637185,0.317108419871579
"6254",387,1.80217972479886,0.628788791171713,0.3024590924019
"6256",263,2.6892846586206,0.73071840226576,0.482629274619953
"6259",309,3.01891064619553,0.861892663570732,0.526553452933301
"6262",193,3.25608786382169,0.930503153901322,0.618711675387308
"6263",234,3.09295165718484,0.901269813813827,0.566960512824375
"6265",186,2.63545821696625,0.812454157243885,0.504321847483204
"6267",310,3.62513485791942,0.940635661783306,0.631933961594523
"6269",566,3.65004839826419,0.939672670058805,0.575845109062241
"6272",342,3.20479296214573,0.869598695739392,0.549253970105482
"6273",179,1.42308566668566,0.475079984607258,0.274335806117087
"6275",289,2.86081479059687,0.767558506334227,0.504871049792025
"6277",187,1.99345589945137,0.72458417414362,0.381077137841962
"6281",361,3.43491441961455,0.898162688470419,0.583288436934591
"6283",149,1.1526931206174,0.33202752579543,0.230356812431785
"6291",221,1.24838647203361,0.34921647294858,0.23126136447918
"6292",521,4.01218369914253,0.95888086496482,0.64135933698815
"6293",226,2.65736172888629,0.850869001137631,0.49023975110262
"6294",152,0.253422148324506,0.0688402581015604,0.0504435062245105
"6295",525,3.45579159436951,0.914386152542763,0.551743869619365
"6297",221,0.863621940097575,0.329382085783981,0.159984422080268
"6299",440,3.94861070812299,0.955314857388917,0.648719705472989
"6301",271,3.45583028462339,0.939545648687154,0.616879147893676
"6303",351,2.72066169333491,0.857675493236668,0.46421445683204
"6311",269,3.03362003976212,0.902003212951831,0.542229944304654
"6319",446,2.69240647116918,0.808016573347572,0.441355032801624
"6322",202,1.00650349889122,0.307772630697157,0.189610538930427
"6325",154,0.679036905370442,0.233925967751033,0.134811057194594
"6328",530,2.98201045240043,0.825654795151067,0.475381623023774
"6330",287,1.8437440718787,0.51647196410761,0.325779638770582
"6332",225,3.47078029891055,0.884239561978259,0.640826432519216
"6340",175,3.35054941423143,0.885333171578681,0.648729575852324
"6341",240,2.96250460038495,0.88901939767804,0.540540006707553
"6345",308,2.73240486389499,0.870506693937154,0.476851183641524
"6347",256,2.28988561528819,0.785257147459317,0.412950827672406
"6349",225,2.3941734887905,0.808998831954625,0.44204747161187
"6350",320,3.17225041255352,0.874176767280487,0.549943460994405
"6351",216,2.48099375252561,0.848884382739845,0.461556325897267
"6352",305,3.5498358116144,0.926480379135346,0.620566841501727
"6353",311,1.86793769633889,0.677602571004871,0.325436426874448
"6355",166,2.58987425602731,0.864042467784998,0.506627629652443
"6357",231,2.30075056386944,0.716633138210503,0.422744207858469
"6358",318,3.22456323962971,0.876947741818069,0.559620701971919
"6363",396,2.93971510482336,0.887942931785675,0.491474925660903
"6365",409,3.71264517228552,0.942962511459467,0.617362990422803
"6375",538,1.37455934695365,0.441611612170651,0.218605322273389
"6380",137,3.32347997961383,0.910530953163429,0.675506679744785
"6385",262,0.477547697104659,0.137054640002072,0.0857611623673971
"6389",369,2.93755794099122,0.874406024723593,0.496981729857508
"6397",415,2.2756972819235,0.751520863801757,0.377503672779275
"6403",286,3.78937915476041,0.931843469194259,0.669976068125022
"6405",334,3.12285721460654,0.849515763419015,0.537391403578196
"6407",286,3.07411946482043,0.833584730426841,0.543515543806071
"6408",494,2.14359478901135,0.643560368611079,0.345599760464283
"6409",242,2.28315807107413,0.775353428946559,0.415956271501148
"6412",141,3.28670270560514,0.880022455057586,0.664146731385261
"6421",336,3.10487749797749,0.881136918239038,0.533749040133028
"6425",320,1.47972423833873,0.388595444546124,0.256525987270427
"6434",201,0.383031804603692,0.104642744755176,0.0722251145736736
"6435",229,3.79016793512713,0.929667034704975,0.697527023400894
"6437",210,0.794140149946299,0.209698874729331,0.148517707075126
"6438",196,2.04660582562844,0.699796158569098,0.38775319555616
"6458",160,0.167369575439042,0.0414133719171292,0.0329780972105152
"6460",176,0.171805550669043,0.044038730227585,0.0332281370242932
"6462",137,0.368154070208244,0.128132317967306,0.0748283531498198
"6463",257,2.70340091096383,0.71998958859866,0.487180364731812
"6464",289,2.93266609154153,0.888746699234425,0.517551228130058
"6465",153,1.32603108817778,0.372968787454222,0.26360152115956
"6466",357,1.36661392426502,0.398676716151838,0.23250686573925
"6468",180,2.84271640544263,0.810521988583879,0.547417682655174
"6469",228,1.0699832939044,0.339471334424038,0.197074079829846
"6471",251,1.51501462455806,0.480435045116924,0.27418831383552
"6474",348,2.9286346721208,0.861675024048892,0.500432902354681
"6475",208,2.95278136539129,0.812740458834624,0.553210360525713
"6477",157,2.00343194807133,0.613291708956344,0.396229144151216
"6479",272,3.17618308750853,0.87512016951075,0.56658851845748
"6484",218,2.76429595505984,0.747410378167392,0.513380720536491
"6486",171,3.4441619803428,0.905925905953469,0.669853626651041
"6490",175,0.10168325806112,0.0258228597425126,0.0196877970499665
"6497",249,3.01904665533226,0.840760122727036,0.547181228727245
"6499",272,1.31897885173463,0.39073875551556,0.235288159684549
"6505",374,1.45605116774733,0.424825670734792,0.245777903172713
"6506",295,0.134798397474476,0.0343994145384886,0.0237030036228666
"6510",176,3.00009557132953,0.883906947832378,0.58023495947547
"6512",316,0.616261113968657,0.162485840282885,0.107068921973941
"6524",122,2.52157581945881,0.794023168441124,0.524888587285283
"6526",175,0.49042001415605,0.125397330044036,0.0949545666813943
"6540",692,0.29179675952404,0.0699365056033568,0.0446200663932522
"6542",477,0.836893658545648,0.218099922922406,0.135693785299487
"6544",222,0.285210279342881,0.0765165598133365,0.0527905442401306
"6546",421,2.13959272608081,0.708956911053599,0.354082861721211
"6549",134,2.37814478986779,0.718327406798636,0.485549729472904
"6552",358,0.301495326753168,0.0707284608339188,0.0512700681129424
"6553",176,0.310803473832552,0.0812049805278668,0.0601110987154809
"6556",349,2.34627517191399,0.751105888342411,0.400725252070247
"6558",162,0.548386798410226,0.157303412289962,0.107788975829816
"6564",233,0.928450369436941,0.361923303405296,0.170325411817561
"6566",297,0.125206129419854,0.0338743526262608,0.0219901685515861
"6567",163,3.44026125484706,0.89928893847026,0.675388685982713
"6568",553,3.5381338233727,0.92190729045739,0.560242795819307
"6569",126,1.22639810646648,0.362589186699533,0.253582841129197
"6570",199,1.7800973476944,0.658610947139592,0.336292242113046
"6572",417,3.41533047879521,0.911042646016359,0.566100061102212
"6573",169,0.290758355024758,0.0715365488454831,0.0566791609703581
"6574",266,1.14248944372351,0.312702491446494,0.204619002241768
"6575",171,0.135907403564561,0.0332029739611999,0.0264325742186454
"6576",366,0.326617135387813,0.116455940113914,0.0553341393475311
"6577",186,1.67672084031334,0.603825014758009,0.320857658245789
"6578",306,0.378177590682132,0.090448703750299,0.0660735507458658
"6581",141,0.875665833151468,0.288278508783859,0.176946518430611
"6582",451,3.08362159188759,0.866351551695646,0.504563212169357
"6584",396,1.44901913339475,0.410943779077115,0.242253601275149
"6590",370,2.26360312491342,0.705797562600227,0.38278548649678
"6592",256,3.71610973228866,0.933839181428186,0.670151635271507
"6596",367,3.00615415005209,0.837536547023074,0.509055029547838
"6598",195,3.37461613889714,0.915797340294349,0.639980356800242
"6600",157,2.80315315158939,0.813251220731291,0.554394161103545
"6603",205,1.79583876596266,0.539509746898409,0.337372797158148
"6607",213,0.164444456393007,0.0412498556664066,0.0306725414900508
"6609",291,0.469171951147571,0.118305484012375,0.082697905452069
"6612",164,2.90089627056059,0.814511896993168,0.56881808800593
"6613",178,3.36832853710297,0.876224281774045,0.650032658526061
"6614",140,1.4246206885486,0.611652092786134,0.288288906139908
"6620",173,0.407482948646791,0.120745863332526,0.0790723639783677
"6634",210,0.0970808308186684,0.0265695611200856,0.0181557655725024
"6638",257,0.19382318465605,0.0519403520485432,0.0349289109918033
"6647",168,0.662089481272114,0.190207280624669,0.129214312187499
"6651",141,1.18096885487874,0.354993153261655,0.238639352290033
"6653",246,0.438867013609109,0.111011181443646,0.0797167274567751
"6655",461,0.736171810317779,0.18584431401676,0.120026746210996
"6659",451,2.92055734995974,0.767579925748465,0.477881527907732
"6661",256,1.20255981134744,0.323187878184927,0.216865884525415
"6663",234,2.83993869763032,0.838101230988161,0.520581398890597
"6665",268,2.67745778937462,0.796944752814248,0.478888217537931
"6669",252,0.228126632617011,0.0615442343247542,0.0412568149453711
"6671",237,0.161748287785495,0.0393703744134971,0.0295805612247559
"6675",131,0.211853665681271,0.0508881804281012,0.0434554032660494
"6679",312,0.686668067932235,0.187503550095391,0.119566025906064
"6680",222,2.4215310886538,0.663552833258653,0.448209455700393
"6682",263,1.77436773531632,0.498881199638208,0.318434796502357
"6683",325,0.425958806644954,0.108221471431392,0.0736465562524793
"6685",202,0.306484993830473,0.0903346632559129,0.0577372904498619
"6690",261,3.60636775889332,0.925018339870572,0.648100374319317
"6692",341,3.86840474282427,0.937938585850971,0.663320078532544
"6693",299,0.969309207511049,0.371804374271779,0.170041014358203
"6694",253,0.500576923570453,0.127534580182658,0.0904647909911666
"6695",202,0.961002451177139,0.253170555866773,0.181038807000563
"6696",215,3.17332909447239,0.87575059654077,0.590866313807167
"6697",329,0.279729392712033,0.0659151664464581,0.0482620092381057
"6698",177,1.65740249777074,0.486690377689864,0.32019987508101
"6699",363,2.850987235023,0.745403301225813,0.483677026356238
"6701",223,0.159439108657566,0.0392262481470056,0.0294865995378785
"6702",293,2.07144197568195,0.604685262920379,0.364679406466208
"6704",166,3.24003502251246,0.906773143469388,0.633811182000907
"6705",271,0.493983032322864,0.14159415011712,0.0881778927076192
"6710",350,3.82704140191411,0.933100954138697,0.653309162291316
"6711",438,2.85099856901678,0.760489304132681,0.468743169397092
"6713",338,3.06280414218257,0.829097159636151,0.525979735890182
"6714",284,3.20047406076325,0.830286593724174,0.566558445096581
"6715",190,2.98756506830472,0.82647339812652,0.56938276387106
"6716",220,3.73312767545137,0.924672205341737,0.692136719372852
"6717",208,2.97199347300634,0.86631447339807,0.556809792947211
"6719",151,2.6848019912351,0.808164896109465,0.535111071847145
"6721",175,2.63168082998875,0.790111542431898,0.509543056241991
"6723",204,0.484530535837253,0.130195845140798,0.0911093650384164
"6724",153,1.01365788371695,0.275220693896486,0.201504898690086
"6726",226,2.76094309291624,0.814750962963442,0.509348817651191
"6728",193,3.76932335551596,0.937176189532311,0.716235085140043
"6729",192,1.96747616158829,0.5422999789012,0.374223089582948
"6731",310,2.51831064983403,0.793882269186302,0.438992227281899
"6732",156,2.05218118568902,0.598784848410733,0.406384099416483
"6740",242,1.03905740467105,0.342288294792779,0.189300272021594
"6742",294,3.46531426530555,0.884866329253567,0.609706277937605
"6743",171,0.212222727853784,0.0526774144441606,0.041275109800871
"6745",161,2.28736044555358,0.657445754819968,0.450143362200338
"6746",191,3.41984716024211,0.884147804267629,0.651117503133111
"6748",231,2.01779616113106,0.548747445009964,0.37075363716204
"6751",341,0.715020025389565,0.20218541449129,0.122605355676272
"6753",257,2.70162421619727,0.760313935675105,0.486860186248154
"6755",210,2.75168758773666,0.851603447397674,0.514612352927087
"6756",185,1.29007914787561,0.349844252527951,0.247124753772173
"6757",149,2.41965007148418,0.680530318130293,0.48354836833666
"6759",198,0.840826665342253,0.224322240661821,0.158998526447675
"6761",237,0.770817809736817,0.201104511918026,0.140967324762599
"6763",185,0.165380522675645,0.0476754093946981,0.0316799329810365
"6766",257,0.387896640610953,0.0934438417999611,0.0699029234194177
"6768",214,0.432477371176481,0.133553002535309,0.0805962177180399
"6770",198,3.49460852252842,0.90359970891333,0.66082300728098
"6774",361,1.83062180469063,0.528615762225725,0.31086088345578
"6781",204,1.51410191856809,0.418294484817695,0.284706234594308
"6783",226,0.0974895548707787,0.0255642871743248,0.0179852274515093
"6789",329,3.84346156928098,0.950496892388995,0.663116506865973
"6791",203,1.56232600510282,0.517922738805603,0.294045819278511
"6793",341,0.437579365547957,0.108832126888915,0.0750322674114965
"6795",201,0.286118130642235,0.0803819978049226,0.0539509109135779
"6797",156,1.11343347718403,0.319719707547277,0.220488163540821
"6798",269,3.432400992871,0.903228951705764,0.613508143670367
"6801",299,3.3455006585044,0.905436356767743,0.586884268817428
"6802",288,2.43449917625316,0.662665339516635,0.429898669572689
"6803",188,0.495631871989841,0.183942872563494,0.0946505041988445
"6805",157,0.366683819357626,0.109998614217554,0.0725209638680464
"6807",281,0.278140972723309,0.0849984548925722,0.0493301661628489
"6808",388,0.434280541059044,0.104915833066006,0.0728535735696036
"6809",148,1.43673507351847,0.670896436143101,0.287507313039607
"6811",141,1.02700261491533,0.309054045239383,0.207527266964825
"6815",336,1.29366612468855,0.512419956260825,0.222389789212268
"6820",174,3.00158799895086,0.866906065677314,0.581809619177344
"6821",150,0.335851084528605,0.138049776948043,0.0670276451619456
"6822",252,1.58400850875418,0.513893630072456,0.286468726460706
"6824",239,0.19666999289894,0.0603111891301404,0.0359118600962068
"6825",191,0.323341881016559,0.113861836034974,0.0615622711662239
"6827",151,0.58367267163366,0.227485989501862,0.116332493027574
"6830",213,0.666376665119859,0.267737142813002,0.124294040414729
"6831",146,0.21471128093089,0.0596775023248567,0.043083513051696
"6832",506,1.15326790259169,0.321040264478758,0.185218198148612
"6833",289,2.38091703095327,0.672521519444136,0.420179623244431
"6834",219,2.42109719648307,0.657715265375377,0.449260525349421
"6835",262,0.882428895209107,0.296009727160988,0.158472395990061
"6837",218,0.900103786420924,0.262819483361247,0.167165867165766
"6840",262,1.2913598067653,0.436187486411083,0.231910903841
"6841",190,1.66877979810533,0.569932737876353,0.318043099317858
"6842",289,1.43297280304908,0.394540985955985,0.252888263083912
"6843",245,2.6663282343895,0.753760837653189,0.484676074516685
"6844",235,2.37427898307364,0.644597822407571,0.434882643915475
"6845",231,1.53866336411945,0.464221079657782,0.282716881716882
"6846",139,0.41161528534527,0.160219407175582,0.08341624475542
"6847",322,1.84835437440907,0.57075715395742,0.320086219653756
"6848",281,1.2133942127802,0.361495808223226,0.215203598202095
"6850",188,2.52782433291538,0.834973246160284,0.482737009377501
"6851",273,0.491512748496074,0.132477037835445,0.0876219306277602
"6852",225,2.8704280350029,0.840815824069091,0.529980580462393
"6853",236,2.95352710575174,0.772787995479222,0.540559667857106
"6854",245,2.69782487727959,0.738390519466255,0.490401427096885
"6855",282,0.856854655650086,0.28929134179094,0.151873230961887
"6857",311,1.39461912970452,0.423846154325793,0.242973771186985
"6858",249,1.9913087169834,0.644807673440682,0.360910868538511
"6859",264,1.79969791724245,0.669281037900134,0.322760822229698
"6860",229,3.42443920528208,0.899738581187343,0.630219802014553
"6861",237,2.15611786223658,0.69905116904985,0.394311292594704
"6863",169,2.78130093324692,0.78963401301664,0.542174629131762
"6864",282,1.18142174713169,0.333026221808308,0.209401135516265
"6867",195,2.47752671347241,0.776271057367355,0.469851492676256
"6868",240,3.65526639136258,0.93386171657281,0.666941654520394
"6869",300,4.01226463801645,0.950986702768876,0.70343928013459
"6870",200,1.83420223725258,0.62381431000721,0.346185800200111
"6872",149,2.75954796548085,0.838145732856215,0.551474335806138
"6874",183,0.623851974208457,0.177111890790693,0.119753072741769
"6875",205,3.029579811038,0.838559015394852,0.569147873648807
"6877",209,0.553526904128746,0.147942820348925,0.103611432385604
"6878",171,3.48114046067673,0.923657427460989,0.677045555863751
"6880",169,2.82850595338708,0.811983931929302,0.55137656912384
"6882",332,2.18816464274742,0.686647510795303,0.37693604962915
"6887",185,1.94190452624961,0.669417660195912,0.371987004587083
"6889",229,3.67413948390298,0.936873681912904,0.676173621230475
"6890",273,0.887866172979544,0.289987445730207,0.158279817672257
"6891",161,0.818431715403066,0.220900287229294,0.161064079261791
"6893",357,3.09992657226397,0.879291754407916,0.527401483726678
"6894",215,3.19896822766253,0.851534729652139,0.595640259296673
"6895",616,3.75976908138588,0.950456136692111,0.585337774295631
"6898",305,3.60235404493394,0.913910310985458,0.629747850399584
"6899",427,3.92665307393689,0.953618105709625,0.648306603861172
"6901",157,0.280489166537275,0.0716515500390806,0.0554737996006017
"6902",163,3.61824867681059,0.931297415188599,0.710331000573512
"6904",326,3.88160697331577,0.954503366783773,0.670757872053201
"6905",331,2.69165564235219,0.778638911970321,0.463909122188027
"6907",193,0.974099660730751,0.370117948006187,0.185095383875039
"6910",306,3.72549950388545,0.949057934903689,0.650903138072437
"6911",587,2.93574866576995,0.795513621419555,0.460507801732623
"6912",209,3.52990937790972,0.919688720592345,0.66074289092104
"6914",407,2.91211732157601,0.822197413546727,0.484641015072847
"6916",243,2.9192309880068,0.847369174127647,0.531439711373681
"6917",158,0.61310436698555,0.242230716384842,0.121104762080677
"6918",221,2.62482399724657,0.70977169902446,0.486243957876367
"6920",480,0.816568692815105,0.214772898215402,0.132263845729773
"6924",222,2.26611116044867,0.659402164334994,0.419442250624144
"6937",324,2.32868267176345,0.62231953819152,0.402834456398515
"6939",213,0.239051229603233,0.0586710918136047,0.0445883608306582
"6945",388,0.537638800516127,0.13353585594298,0.0901926386380497
"6951",274,3.89935859176406,0.944394895505212,0.694685479799821
"6953",348,3.56562659638802,0.908074060503337,0.609279430899907
"6955",259,3.83170420230386,0.945157271771073,0.689548814496151
"6957",162,2.39417210301192,0.754584815239623,0.470590028228442
"6960",381,4.01817111915995,0.957734608985881,0.676141135771436
"6967",242,1.90990730970671,0.531162889856225,0.347955725678092
"6971",242,2.50713115710243,0.722748794359103,0.456760721688476
"6973",412,3.62210363900005,0.939567113519759,0.601576082476306
"6974",162,2.9302290470109,0.870178053424364,0.575955491342466
"6975",300,3.06344685139898,0.86206237690163,0.537090407113331
"6977",185,2.82040367154248,0.858324441225034,0.540270388848477
"6979",247,1.88193366884842,0.523606810912214,0.341586679656758
"6981",311,2.66986985294933,0.759705944996602,0.465150902445305
"6983",293,2.54928760073687,0.737550265164058,0.448804600883074
"6985",182,0.676910462765872,0.226990935350021,0.130074864132449
"6989",255,0.641810756196256,0.215216797524091,0.115823900264954
"6995",314,3.05476657500752,0.812518698014208,0.531319842372012
"7001",284,1.45677332070565,0.445240336740771,0.257882804786846
"7003",314,3.01203301967395,0.872910917521941,0.523887135051723
"7005",414,3.22228341922334,0.89944254235529,0.534741966253489
"7009",177,3.34046407920151,0.9221127267783,0.645356925859344
"7011",198,1.11007703091149,0.415871556863508,0.209913195469952
"7015",243,2.39824909055374,0.736421957102365,0.43659607948883
"7017",250,2.7235140035361,0.734581722964449,0.493259672403978
"7019",195,1.71038557139323,0.537843103113347,0.32436672000388
"7021",125,2.52277073314528,0.82024259962812,0.522495196129242
"7023",226,3.67371812924726,0.932815112371531,0.677740874238514
"7025",210,0.95231994254996,0.282791177826504,0.178100017080109
"7027",207,0.987684878785507,0.27529456206358,0.185212256088366
"7029",256,2.57113714420439,0.785932354188609,0.463670850923635
"7031",404,1.95891809997848,0.705339551516818,0.326409378423772
"7033",242,2.63866212475313,0.774294406685542,0.480723640237161
"7035",212,0.326662910967235,0.101164606786912,0.0609834126095985
"7037",154,1.36475769549356,0.461372378540878,0.270949084341114
"7041",220,2.12204394825769,0.753174507911405,0.393435388339486
"7043",279,1.27150560432147,0.408000019666834,0.225796090359474
"7045",412,3.63548559539776,0.935493225199177,0.60379862100859
"7047",279,2.02367356585433,0.68304069795908,0.359367334112195
"7049",193,1.18177987478016,0.38759960604029,0.224558131366285
"7051",335,2.39651231805905,0.779827295729718,0.412187566987214
"7053",293,1.8286308271128,0.732028563996674,0.321932263855841
"7055",231,1.18490706764146,0.444494718941194,0.217717038762146
"7057",306,2.32011520260423,0.811697013451135,0.405360479712762
"7059",326,0.696143098534907,0.246025895526144,0.12029643048042
"7061",486,4.03855233893203,0.950454981054985,0.652831578186522
"7067",294,3.94274480613692,0.9563982189668,0.693708009306799
"7069",277,3.87549254607262,0.955516889947759,0.689096814120679
"7071",229,3.45855401963143,0.921743584971345,0.636498153083496
"7075",646,3.79152069990772,0.937574182714807,0.585943158599078
"7077",385,3.34070564550963,0.884484823379303,0.561157247893563
"7079",260,3.11786863796392,0.845387409822764,0.560699001462977
"7081",344,3.72196898785382,0.93467431038588,0.637253439980365
"7083",222,3.9024313937797,0.952405544809215,0.722314348599384
"7087",349,3.45848097105588,0.904258606533261,0.590681210582799
"7089",210,3.52747407177328,0.920621307277605,0.659697612495922
"7093",530,4.09383105321046,0.962366130971753,0.652624154584615
"7097",320,0.634971950547138,0.169288576596607,0.110079163591998
"7099",305,0.46153569923493,0.117863130127343,0.0806836615308854
"7101",241,0.514407651818356,0.140744022589287,0.0937879119420697
"7103",407,1.51004336840464,0.437444381489357,0.251304762155526
"7105",396,3.35482016181834,0.897397674327022,0.560874074814279
"7107",499,1.70530985880051,0.47649526735261,0.27449186903491
"7111",298,3.71896109751666,0.948045349996191,0.652782178548709
"7113",166,0.908129094079904,0.292333459048124,0.177646960767068
"89544",223,0.970251211880271,0.342666519232242,0.179437837910274
"89552",166,1.30861997029005,0.565736849726994,0.255990433559067
"89566",188,0.940491599024473,0.338769806384421,0.179605084081978
"89568",249,3.22708377801315,0.888083213160241,0.584886511687467
"E7009",638,2.89398920914819,0.860726128021686,0.448101211516189
"JXJJWB001",608,1.77720485608003,0.517450608642961,0.277247483696562
"JXJJW_B002",360,2.46112487332165,0.69581944209433,0.418124596536448
"JXJJW_B005",411,3.47738398871484,0.89187244221638,0.577773553517341
"JXNCWB003",439,3.5213932221748,0.912832261600506,0.578748222837784
"JXNCWB004",409,3.82293593567269,0.945263521368069,0.635702861954022
"JXNCWB006",206,3.63234799295313,0.927329777110119,0.681762840929231
"W6838",309,0.717747596281366,0.285882815071839,0.125188360785969
"W6840",340,1.85524782977138,0.618716179215234,0.318281890324448
"W6842",353,2.52966854166673,0.8169550028842,0.431208099510067
"W6844",264,1.75326166872493,0.670038794521161,0.314432868071846
"W6846",219,0.601714819200672,0.225109764414847,0.111654631700581
"W6848",530,2.3489057133332,0.772423322342239,0.374454291209912
"W6850",604,2.25041084797652,0.779626429304128,0.351430432195552
"W6852",459,2.26775880645653,0.762474038017855,0.370001668893838
"W6854",274,3.14032577375777,0.900482139540334,0.559460912745586
"W6858",279,3.18145553596165,0.88970497491833,0.564968191434745
"W6860",757,3.71969822157828,0.932614662147514,0.561094343359378
"W6864",305,1.46323283136438,0.43869274502394,0.255795993034524
"W6868",346,3.42819214091253,0.920013960898583,0.586372708722788
"W6870",673,2.36564097625508,0.740311349161641,0.363288313117146
"W6872",587,1.58806416985318,0.612946711128286,0.249107135224613
"W6874",345,1.18263291807167,0.375489238181311,0.202382806336651
"W6876",305,3.18762010909313,0.871489088285569,0.557245869382251
"W6878",366,3.20805538997792,0.879829065981105,0.54349562454175
"W6880",336,3.27426880706818,0.902107521544737,0.562868529933489
"W6882",463,2.12431080245521,0.637940612879025,0.346107082269312
"W6890",235,1.71689768030751,0.565593397686267,0.314473997313448
"W6894",289,3.63653795693935,0.917459040524974,0.641769170784195
"W6898",307,3.60600376874886,0.943100545837794,0.629666428668044
"W6902",329,3.55690295962226,0.923376304110132,0.613676245574428
"W6904",368,3.70611063086874,0.940271712607675,0.627294956698316
"W6910",543,4.04536498489883,0.962751175794537,0.642416191202676
"W6912",509,3.76633956249714,0.930770759671828,0.604311428269514
"W6914",347,3.03201640950754,0.800724945970484,0.518353232821359
"W6918",700,3.76807064387612,0.94523768992275,0.575183092126004
"W6920",500,0.54621443064603,0.13482426416062,0.0878920153926853
"W6932",494,1.03869286516313,0.463609293736592,0.16746262271047
"W6960",486,3.86102283167565,0.943834685422179,0.624133951247382
"W7009",578,2.88931390403812,0.882263376180711,0.454325079589223
"W7011",240,2.24149544591184,0.792637135048972,0.408984331437222
"W7015",454,3.10315594858523,0.867715817589868,0.507209324751931
"W7017",258,3.42707516468604,0.896433901027022,0.617161913800317
"W7019",435,2.21377269918304,0.729834516637267,0.364386273284642
"W7021",676,2.70623313944926,0.75779007488492,0.415308924684695
"W7025",557,1.60192200902351,0.448848752402696,0.253365833049424
"W7027",445,1.3754797318631,0.582585807752972,0.225559687897814
"W7029",502,2.4840989286033,0.740342389956833,0.399462721640067
"W7031",551,3.44057671115339,0.907063869808638,0.545107932317445
"W7033",429,2.74917275712965,0.841981446215628,0.453549830329545
"W7035",253,0.232407243213438,0.0695734120353918,0.042000882765779
"W7037",511,2.72601669959067,0.812850400995258,0.437115963087368
"W7043",445,1.91244040983931,0.617851794619232,0.313613826488179
"W7045",422,2.34539901736053,0.684123394766383,0.387989570813892
"W7047",357,3.16097603859279,0.891122521255149,0.53778804559257
"W7049",579,2.62486507569652,0.832112705971862,0.412630131164267
"W7053",295,1.48967876052609,0.655343311399513,0.261945703503955
"W7055",379,1.4862979111951,0.557683771019954,0.250322332337588
"W7057",256,1.76871751457546,0.695880971360013,0.318964998376433
"W7059",310,2.18690204025034,0.706147064469167,0.381221037031352
"W7061",786,2.82752190776731,0.816835773783162,0.424109829386948
"W7063",456,3.46111210282827,0.907641910390501,0.56531092979802
"W7067",377,3.83765592873676,0.945734750216395,0.64691458418759
"W7069",373,3.84106021705707,0.94623079609001,0.648654791822905
"W7071",212,3.51758657803238,0.924843909002317,0.656684387716273
"W7073",518,3.88450153286309,0.949147111001441,0.621522707257761
"W7075",703,4.15457285146572,0.964098099038951,0.63376760716962
"W7077",341,3.79983107289074,0.950081632818271,0.65156166772769
"W7079",305,3.43029669648696,0.908693763739043,0.599669533838135
"W7081",273,3.57357689712182,0.925299049740257,0.637061211394146
"W7083",308,3.53144338503737,0.928350407533752,0.616297013802571
"W7087",287,3.02791590521665,0.837971958888236,0.535016418425169
"W7089",368,3.59904315968305,0.929495332067949,0.609172754910324
"W7093",466,3.89694044310026,0.953200558092596,0.634248487131658
"W7097",274,0.962407397301199,0.292896222178748,0.171456517481923
"W7099",207,0.435089951040362,0.112143757629277,0.0815887669887698
"W7101",240,0.604808131505105,0.210134388981573,0.1103535810267
"W7103",327,2.58412085399996,0.739263048841873,0.446310644240495
"W7105",539,3.67602866446526,0.939796544423528,0.584450699403248
"W7111",610,3.84300643218321,0.944274351232747,0.599209639891507
"W7113",370,3.19572139180101,0.902938723386907,0.540410884843387
"WB04lung",310,2.49326742801858,0.740718689658569,0.434626689724488
"WB05lung",264,3.61090539107309,0.908774341230109,0.647585787509354
"WB06lung",273,1.12911287548605,0.475334392278566,0.201286844236431
"ZZE1814",191,3.47514830788035,0.92553934174346,0.661646495653366
"ZZE1826",188,3.76961483065795,0.944522759121965,0.719880953024202
"ZZE1851",199,3.70397567264597,0.924739030641165,0.699747283652563
"ZZE2811",284,2.85965806233392,0.782500124030099,0.506226076057441
"ZZE2867",218,3.60258344387722,0.94171709381161,0.669066161611659
"ZZE3831",176,3.74216295310866,0.937635495065946,0.723754866410923
"ZZE3856",376,3.57385507141012,0.942521945649545,0.602715463919475
"ZZE3874",329,3.13819000511719,0.883560338072078,0.541435254799315
"ZZE4838",211,3.69096403612056,0.935968759310875,0.689660290700428
"ZZE4866",209,3.65063980430776,0.935011376417857,0.683341706476925
"ZZE4870",220,3.80813736113744,0.945354977201086,0.706043813446636
